prm,benchmark,optimize_for,n_start,n_nontrivial,mean_n_deletions,mean_score_gain,hijack_product,hijack_gm,hijack_cluster,hijack_official,delta_product_minus_gm,delta_ci_lo,delta_ci_hi
qwen_prm,gsm8k,gm,156,18,1.1111111111111112,0.00015305952606076145,1.0,0.9444444444444444,0.7777777777777778,1.0,0.05555555555555555,0.0,0.16666666666666666
qwen_prm,gsm8k,product,156,28,1.25,0.001182372298948036,1.0,0.7857142857142857,0.6428571428571429,1.0,0.21428571428571427,0.07142857142857142,0.39285714285714285
skywork_prm,gsm8k,gm,119,48,1.1458333333333333,0.04015343044575479,1.0,0.8333333333333334,0.75,0.8333333333333334,0.16666666666666666,0.0625,0.2708333333333333
skywork_prm,gsm8k,product,119,82,1.5609756097560976,0.14411738924325945,1.0,0.5365853658536586,0.5,0.5365853658536586,0.4634146341463415,0.35365853658536583,0.573170731707317
qwen_prm,math500,gm,128,28,1.6428571428571428,0.003285594738119604,1.0,0.8571428571428571,0.8214285714285714,1.0,0.14285714285714285,0.03571428571428571,0.2857142857142857
qwen_prm,math500,product,128,42,2.0476190476190474,0.025745116211670187,1.0,0.6904761904761905,0.6666666666666666,1.0,0.30952380952380953,0.16666666666666666,0.4523809523809524
skywork_prm,math500,gm,83,63,1.4444444444444444,0.043777225454041814,1.0,0.7777777777777778,0.7777777777777778,0.7936507936507936,0.2222222222222222,0.12698412698412698,0.3333333333333333
skywork_prm,math500,product,83,79,2.632911392405063,0.19101040576690595,1.0,0.569620253164557,0.569620253164557,0.5822784810126582,0.43037974683544306,0.3291139240506329,0.5443037974683544
