prm,benchmark,n_cards,n_native_majority,n_product_majority,n_no_preference_majority,n_split,resolved_n,resolved_native_rate,resolved_ci_lo,resolved_ci_hi,resolved_p_value
skywork_prm,gsm8k,70,1,1,68,0,2,0.5,0.01257911709367899,0.987420882906321,1.0
skywork_prm,math500,70,6,2,61,1,8,0.75,0.3491442055871758,0.9681459737500557,0.2890625
internlm2_7b_reward,gsm8k,70,6,1,63,0,7,0.8571428571428571,0.42127680295680187,0.9963897031380992,0.125
internlm2_7b_reward,math500,70,15,8,45,2,23,0.6521739130434783,0.4273439630364944,0.8362364016253636,0.21003961563110352
qwen_prm,gsm8k,70,0,0,70,0,0,nan,nan,nan,nan
qwen_prm,math500,70,0,3,67,0,3,0.0,0.0,0.7075982261787133,0.25
pooled,all,420,28,15,374,3,43,0.6511627906976745,0.4907336395246327,0.7899218429933298,0.0659940344557981
