group,n_cards,gm_majority,product_majority,no_preference_majority,split,resolved_n,resolved_gm,resolved_product,resolved_gm_rate,resolved_gm_ci_low,resolved_gm_ci_high,resolved_binom_p_vs_50,no_preference_rate,no_preference_ci_low,no_preference_ci_high,gm_raw_rate,gm_raw_ci_low,gm_raw_ci_high,product_raw_rate,product_raw_ci_low,product_raw_ci_high
overall,200,113,1,84,2,114,113,1,0.9912280701754386,0.9736842105263158,1.0,1.1074097180226606e-32,0.42,0.355,0.49,0.565,0.495,0.63,0.005,0.0,0.015
prm=internlm2_7b_reward,100,62,1,37,0,63,62,1,0.9841269841269841,0.9523809523809523,1.0,1.3877787807814457e-17,0.37,0.28,0.47,0.62,0.52,0.71,0.01,0.0,0.03
prm=skywork_prm,100,51,0,47,2,51,51,0,1.0,1.0,1.0,8.881784197001252e-16,0.47,0.37,0.57,0.51,0.41,0.61,0.0,0.0,0.0
benchmark=gsm8k,100,67,1,32,0,68,67,1,0.9852941176470589,0.9558823529411765,1.0,4.675621868843738e-19,0.32,0.23,0.41,0.67,0.58,0.76,0.01,0.0,0.03
benchmark=math500,100,46,0,52,2,46,46,0,1.0,1.0,1.0,2.842170943040401e-14,0.52,0.42,0.62,0.46,0.36,0.56,0.0,0.0,0.0
prm=internlm2_7b_reward;benchmark=gsm8k,50,37,1,12,0,38,37,1,0.9736842105263158,0.9210526315789473,1.0,2.837623469531536e-10,0.24,0.12,0.36,0.74,0.62,0.86,0.02,0.0,0.06
prm=internlm2_7b_reward;benchmark=math500,50,25,0,25,0,25,25,0,1.0,1.0,1.0,5.960464477539063e-08,0.5,0.36,0.64,0.5,0.36,0.64,0.0,0.0,0.0
prm=skywork_prm;benchmark=gsm8k,50,30,0,20,0,30,30,0,1.0,1.0,1.0,1.862645149230957e-09,0.4,0.26,0.54,0.6,0.46,0.74,0.0,0.0,0.0
prm=skywork_prm;benchmark=math500,50,21,0,27,2,21,21,0,1.0,1.0,1.0,9.5367431640625e-07,0.54,0.4,0.68,0.42,0.28,0.56,0.0,0.0,0.0
