prm,benchmark,n,gm_preferred,gm_rate,ci_lo,ci_hi,p_value,fleiss_kappa
skywork_prm,gsm8k,100,81,0.81,0.7193020420263876,0.8815568038674564,2.7027625220487884e-10,0.8541666666666671
skywork_prm,math500,71,57,0.8028169014084507,0.6913500428435166,0.8877921791544382,2.6659171387086086e-07,0.713555675094137
internlm2_7b_reward,gsm8k,98,88,0.8979591836734694,0.82034034493393,0.949972373679884,9.940659465123946e-17,0.8196982705752476
internlm2_7b_reward,math500,96,86,0.8958333333333334,0.8167668306026107,0.9489057985449494,3.2114796492801454e-16,0.7023255813953481
pooled,all,365,312,0.8547945205479452,0.8144076241156077,0.8893018221372702,8.942176319692067e-46,0.7859237536656889
