prm,benchmark,resolved_cards,gm_preferred_resolved,gm_rate_resolved,ci_lo,ci_hi,p_value,raw_no_pref_rate
skywork_prm,gsm8k,18,17,0.9444444444444444,0.7270564003266314,0.9985944438326306,0.00014495849609375,0.08333333333333333
skywork_prm,math500,18,14,0.7777777777777778,0.5236272342635198,0.9359079522823335,0.0308837890625,0.2
pooled,all,36,31,0.8611111111111112,0.7050250518893684,0.9533223393969097,1.2913485988974571e-05,0.14166666666666666
