{
  "all_14_cells": {
    "delta_prod_gm": {
      "mean": 0.09646160765132653,
      "ci_lo": 0.0630119790331621,
      "ci_hi": 0.13490378757019503,
      "n_cells": 14,
      "n_problems": 4622
    },
    "delta_prod_min": {
      "mean": 0.10108612264858316,
      "ci_lo": 0.06945757072876564,
      "ci_hi": 0.13546071361729795,
      "n_cells": 14,
      "n_problems": 4622
    },
    "delta_prod_last": {
      "mean": 0.12699294308909573,
      "ci_lo": 0.0896564673504878,
      "ci_hi": 0.16668134968592405,
      "n_cells": 14,
      "n_problems": 4622
    }
  },
  "native_only": {
    "delta_prod_gm": {
      "mean": 0.07894371258742362,
      "ci_lo": 0.033775274799769044,
      "ci_hi": 0.12184433826236418,
      "n_cells": 6,
      "n_problems": 1938
    },
    "delta_prod_min": {
      "mean": 0.08400393686899689,
      "ci_lo": 0.046183166850459666,
      "ci_hi": 0.1259576502675871,
      "n_cells": 6,
      "n_problems": 1938
    },
    "delta_prod_last": {
      "mean": 0.13501609194991795,
      "ci_lo": 0.08213626209072687,
      "ci_hi": 0.18629827707764282,
      "n_cells": 6,
      "n_problems": 1938
    }
  }
}